{
  "project_info": {
    "project_number": "774937463795",
    "firebase_url": "https://wfms-a3d50.firebaseio.com",
    "project_id": "wfms-a3d50",
    "storage_bucket": "wfms-a3d50.appspot.com"
  },
  "client": [
    {
      "client_info": {
        "mobilesdk_app_id": "1:774937463795:android:5a2d9db9be6ad77c",
        "android_client_info": {
          "package_name": "com.wfms.nectar.wfms"
        }
      },
      "oauth_client": [
        {
          "client_id": "774937463795-lihfid7tottcqettpmdt7ts7lml6capu.apps.googleusercontent.com",
          "client_type": 3
        }
      ],
      "api_key": [
        {
          "current_key": "AIzaSyCiYJjUYzGx3bHtEFBl8u7U-Y9RtRsGRPA"
        }
      ],
      "services": {
        "appinvite_service": {
          "other_platform_oauth_client": [
            {
              "client_id": "774937463795-lihfid7tottcqettpmdt7ts7lml6capu.apps.googleusercontent.com",
              "client_type": 3
            }
          ]
        }
      }
    }
  ],
  "configuration_version": "1"
}